title,company,location,link
Mainframe Developer - Natural/ADABAS,"JPMorgan Chase Bank, N.A.","Bengaluru, India",https://stackoverflow.com/jobs/498559
Software Engineering,"JPMorgan Chase Bank, N.A.","Plano, TX",https://stackoverflow.com/jobs/498748
Mainframe Software Engineer - COBOL / Java,"JPMorgan Chase Bank, N.A.","Columbus, OH",https://stackoverflow.com/jobs/498678
Software Engineering,"JPMorgan Chase Bank, N.A.","Bengaluru, India",https://stackoverflow.com/jobs/498585
Mainframe Developer - Natural/ADABAS,"JPMorgan Chase Bank, N.A.","Bengaluru, India",https://stackoverflow.com/jobs/498566
Mainframe Developer - Natural/ADABAS,"JPMorgan Chase Bank, N.A.","Bengaluru, India",https://stackoverflow.com/jobs/498565
Mainframe Developer - Natural/ADABAS,"JPMorgan Chase Bank, N.A.","Bengaluru, India",https://stackoverflow.com/jobs/498560
Mainframe Developer - Natural/ADABAS,"JPMorgan Chase Bank, N.A.","Bengaluru, India",https://stackoverflow.com/jobs/498557
Mainframe Developer - Natural/ADABAS,"JPMorgan Chase Bank, N.A.","Bengaluru, India",https://stackoverflow.com/jobs/498556
Software Engineering,"JPMorgan Chase Bank, N.A.","Tampa, FL",https://stackoverflow.com/jobs/498271
Full Stack Warrior (m/w/d),Breuninger GmbH & Co.,"Stuttgart, Deutschland",https://stackoverflow.com/jobs/432953
Software Engineering,"JPMorgan Chase Bank, N.A.","Bengaluru, India",https://stackoverflow.com/jobs/498061
Applications Support Associate,"JPMorgan Chase Bank, N.A.","Bournemouth, UK",https://stackoverflow.com/jobs/497714
CT-RDT-Accounts- Mainframe Developer- Hyderabad,"JPMorgan Chase Bank, N.A.","Hyderabad, India",https://stackoverflow.com/jobs/497186
Software Engineer,"JPMorgan Chase Bank, N.A.","Plano, TX",https://stackoverflow.com/jobs/496906
Software Engineering,"JPMorgan Chase Bank, N.A.","Mumbai, India",https://stackoverflow.com/jobs/496685
Software Engineering,"JPMorgan Chase Bank, N.A.","Mumbai, India",https://stackoverflow.com/jobs/496684
Applications Support,"JPMorgan Chase Bank, N.A.","Wilmington, DE",https://stackoverflow.com/jobs/496682
Software Engineering,"JPMorgan Chase Bank, N.A.","Plano, TX",https://stackoverflow.com/jobs/495648
Senior JAVA Software Engineer,"JPMorgan Chase Bank, N.A.","Plano, TX",https://stackoverflow.com/jobs/495621
Software Engineering Manager,OneMain Financial,"Baltimore, MD",https://stackoverflow.com/jobs/495289
Software Engineering,"JPMorgan Chase Bank, N.A.","Bengaluru, India",https://stackoverflow.com/jobs/493961
Project Lead IBM i (m/w/i),PKS Software GmbH,"Eschborn, Deutschland",https://stackoverflow.com/jobs/492915
Anwendungsentwickler IBM i Business Applications (m/w/i),PKS Software GmbH,"München, Deutschland",https://stackoverflow.com/jobs/490079
Anwendungsentwickler IBM i Business Applications (m/w/i),PKS Software GmbH,"Ravensburg, Deutschland",https://stackoverflow.com/jobs/490078
Software Engineering - Mainframe -Bengaluru,"JPMorgan Chase Bank, N.A.","Bengaluru, India",https://stackoverflow.com/jobs/488656
Software Engineering - COBOL DB2 CICS,"JPMorgan Chase Bank, N.A.","Tampa, FL",https://stackoverflow.com/jobs/489502
Backend Engineer,Dolfin,"Amsterdam, Netherlands",https://stackoverflow.com/jobs/487859
Senior Programmer Analyst- (Agiletics),"Jack Henry & Associates, Inc.®",No office location,https://stackoverflow.com/jobs/487657
Software Engineering,"JPMorgan Chase Bank, N.A.","Plano, TX",https://stackoverflow.com/jobs/487602
Senior Anwendungsentwickler (m/w/d) Steuerbestand und Steuerverarbeitung,Deutsche WertpapierService Bank AG,"Frankfurt am Main, Deutschland",https://stackoverflow.com/jobs/485544
Softwareentwickler (m/w/d) Backend – Java / COBOL,ING Deutschland,"Frankfurt am Main, Deutschland",https://stackoverflow.com/jobs/395705
Senior ISD Engineer IV CICS & MQ Systems,Navy Federal Credit Union,"Chicago, IL",https://stackoverflow.com/jobs/485097
Senior ISD Engineer IV CICS & MQ Systems,Navy Federal Credit Union,"Pensacola, FL",https://stackoverflow.com/jobs/485096
Software Engineer - Customer Data Services,Lloyds Banking Group,"London, UK",https://stackoverflow.com/jobs/484634
Cobol Developer,Objectway,"London, UK",https://stackoverflow.com/jobs/457939
Cobol Developer Birmingham,Objectway,"Birmingham, UK",https://stackoverflow.com/jobs/457938
